{
  "classes": [
    {
      "type_name": "吾爱评测整理",
      "type_id": "吾爱评测"
    },
    {
      "type_name": "牙齿",
      "type_id": "牙齿"
    },
    {
      "type_name": "智齿",
      "type_id": "智齿"
    },
    {
      "type_name": "蛀牙",
      "type_id": "蛀牙"
    },
    {
      "type_name": "护牙",
      "type_id": "护牙"
    },
    {
      "type_name": "儿童牙膏推荐",
      "type_id": "儿童牙膏推荐"
    },
    {
      "type_name": "牙痛",
      "type_id": "牙痛"
    },
   {
      "type_name": "牙齿矫正",
      "type_id": "牙齿矫正"
    },
{
      "type_name": "牙齿矫正",
      "type_id": "牙齿矫正"
    },
    {
      "type_name": "洗牙",
      "type_id": "洗牙"
    },

{
      "type_name": "根管治疗",
      "type_id": "根管治疗"
    }



  ],
  "filter": {
   
    "牙齿": [
      {
        "key": "tid",
        "name": "分类",
        "value": [
          {
            "n": "牙齿",
            "v": "牙齿"
          },
          {
            "n": "牙痛",
            "v": "牙痛"
          },
          {
            "n": "牙齿矫正",
            "v": "牙齿矫正"
          },
          {
            "n": "牙齿美白",
            "v": "牙齿美白"
          },
          {
            "n": "智齿",
            "v": "智齿"
          },
          
          {
            "n": "蛀牙",
            "v": "蛀牙"
          }
        ]
      },
      {
        "key": "duration",
        "name": "时长",
        "value": [
          {
            "n": "全部",
            "v": "0"
          },
          {
            "n": "60分钟以上",
            "v": "4"
          },
          {
            "n": "30~60分钟",
            "v": "3"
          },
          {
            "n": "10~30分钟",
            "v": "2"
          },
          {
            "n": "10分钟以下",
            "v": "1"
          }
        ]
      }
    ],

      {
        "key": "duration",
        "name": "时长",
        "value": [
          {
            "n": "全部",
            "v": "0"
          },
          {
            "n": "60分钟以上",
            "v": "4"
          },
          {
            "n": "30~60分钟",
            "v": "3"
          },
          {
            "n": "10~30分钟",
            "v": "2"
          },
          {
            "n": "10分钟以下",
            "v": "1"
          }
        ]
      }
    ]
  }
}